{
  "K1": [
    [1761.538887265607, 0.0, 1279.9058146877373],
    [0.0, 1754.612019553563, 851.427718392169],
    [0.0, 0.0, 1.0]
  ],
  "D1": [
    [
      0.15475201638781796, -0.30989397739185814, -0.0013632500499572023,
      0.0008974203502886387, 0.06831567812901818
    ]
  ],
  "K2": [
    [1728.3589672687158, 0.0, 1223.1514003998564],
    [0.0, 1725.9413992166144, 854.1461507692178],
    [0.0, 0.0, 1.0]
  ],
  "D2": [
    [
      0.19509440428082103, -0.48038509444221883, -0.002796950970290247,
      -0.00011676532754339402, 0.27810802533091267
    ]
  ],
  "R": [
    [0.5551971325204418, 0.061746906237551934, -0.8294235730983116],
    [-0.13488621770766127, 0.9907231241068117, -0.016534800650762536],
    [0.8207081407623545, 0.12105788256090563, 0.5583754442633286]
  ],
  "T": [[30.439057687547542], [-2.6766954211380667], [19.55524512838677]],
  "Q": [
    [1.0, 0.0, 0.0, -741.0822429656982],
    [0.0, 1.0, 0.0, -760.0915756225586],
    [0.0, 0.0, 0.0, 45027.367729391524],
    [0.0, 0.0, -0.027564755577743554, 0.0]
  ]
}
