{
 "K1": [
  [
   1067.3821732287195,
   0.0,
   531.4914285367149
  ],
  [
   0.0,
   1069.7774529290461,
   975.4157828852358
  ],
  [
   0.0,
   0.0,
   1.0
  ]
 ],
 "D1": [
  [
   0.18845519838235733,
   -0.3729844599271378,
   -0.001333499613374909,
   -0.0016373642619153387,
   0.18150518900675194
  ]
 ],
 "K2": [
  [
   1028.9101424840185,
   0.0,
   540.6112034917462
  ],
  [
   0.0,
   1031.1727059199427,
   952.9192310128874
  ],
  [
   0.0,
   0.0,
   1.0
  ]
 ],
 "D2": [
  [
   0.19044557893451056,
   -0.34106650439794856,
   -0.002090003891241434,
   -0.0024248290502676155,
   0.15464317590122584
  ]
 ],
 "R": [
  [
   0.9999988614549483,
   0.0005916397225038252,
   -0.001388182713379808
  ],
  [
   -0.0005887257406124231,
   0.9999976246272602,
   0.002098604736410401
  ],
  [
   0.0013894210338523322,
   -0.0020977850881583205,
   0.9999968343984468
  ]
 ],
 "T": [
  [
   0.5545399800206833
  ],
  [
   -0.012829154401268618
  ],
  [
   -0.09235095603402618
  ]
 ],
 "Q": [
  [
   1.0,
   0.0,
   0.0,
   -756.303466796875
  ],
  [
   0.0,
   1.0,
   0.0,
   -960.2079086303711
  ],
  [
   0.0,
   0.0,
   0.0,
   1144.573953328118
  ],
  [
   0.0,
   0.0,
   -1.7783353383443647,
   0.0
  ]
 ]
}